<?xml version="1.0" encoding="UTF-8"?>
<project-private xmlns="http://www.netbeans.org/ns/project-private/1">
    <editor-bookmarks xmlns="http://www.netbeans.org/ns/editor-bookmarks/2" lastBookmarkId="0"/>
    <open-files xmlns="http://www.netbeans.org/ns/projectui-open-files/2">
        <group>
            <file>file:/C:/Users/vikas/OneDrive/Documents/NetBeansProjects/Electricity%20Billing%20System/src/electricity/billing/system/CustomerDetails.java</file>
            <file>file:/C:/Users/vikas/OneDrive/Documents/NetBeansProjects/Electricity%20Billing%20System/src/electricity/billing/system/Extra.java</file>
            <file>file:/C:/Users/vikas/OneDrive/Documents/NetBeansProjects/Electricity%20Billing%20System/src/electricity/billing/system/Login.java</file>
            <file>file:/C:/Users/vikas/OneDrive/Documents/NetBeansProjects/Electricity%20Billing%20System/src/electricity/billing/system/SignUp.java</file>
            <file>file:/C:/Users/vikas/OneDrive/Documents/NetBeansProjects/Electricity%20Billing%20System/src/electricity/billing/system/MeterInfo.java</file>
            <file>file:/C:/Users/vikas/OneDrive/Documents/NetBeansProjects/Electricity%20Billing%20System/src/electricity/billing/system/UpdateCustomerInformation.java</file>
            <file>file:/C:/Users/vikas/OneDrive/Documents/NetBeansProjects/Electricity%20Billing%20System/src/electricity/billing/system/CalculateBill.java</file>
            <file>file:/C:/Users/vikas/OneDrive/Documents/NetBeansProjects/Electricity%20Billing%20System/src/electricity/billing/system/UpdateCustomer.java</file>
            <file>file:/C:/Users/vikas/OneDrive/Documents/NetBeansProjects/Electricity%20Billing%20System/src/electricity/billing/system/Splash.java</file>
            <file>file:/C:/Users/vikas/OneDrive/Documents/NetBeansProjects/Electricity%20Billing%20System/src/electricity/billing/system/Project.java</file>
            <file>file:/C:/Users/vikas/OneDrive/Documents/NetBeansProjects/Electricity%20Billing%20System/src/electricity/billing/system/DepositeDetails.java</file>
            <file>file:/C:/Users/vikas/OneDrive/Documents/NetBeansProjects/Electricity%20Billing%20System/src/electricity/billing/system/NewCustomer.java</file>
            <file>file:/C:/Users/vikas/OneDrive/Documents/NetBeansProjects/Electricity%20Billing%20System/src/electricity/billing/system/ViewInformation.java</file>
        </group>
    </open-files>
</project-private>
